fecha,tasa_fed,tasa_cete,diferencial,tc,remesas,oferta_monetaria,exportaciones,importaciones,reservas,deuda
01/01/2000,5.45,16.19,10.74,9.4878,456.2456,1595797563,11252743,11858647,31529.5,1029.4
01/02/2000,5.73,15.81,10.08,9.4252,447.187,1613711544,13189566,13439078,31910,1017.4
01/03/2000,5.85,13.66,7.81,9.2876,494.4502,1640365391,13575435,13921248,34010,996.5
01/04/2000,6.02,12.93,6.91,9.3903,498.8308,1657594441,12327403,12717859,33746,1002.2
01/05/2000,6.27,14.18,7.91,9.5158,590.7496,1686411535,14654687,15192823,32736.1,1023.9
01/06/2000,6.53,15.65,9.12,9.8295,541.5775,1709548296,14045054,14567332,31904.4,1069.6
01/07/2000,6.54,13.73,7.19,9.4212,557.598,1739903063,13411361,13993007,32371.5,998.9
01/08/2000,6.5,15.23,8.73,9.2709,608.0612,1739851153,15261802,16102786,30468.9,993.8
01/09/2000,6.52,15.06,8.54,9.354,568.5493,1777590986,14110043,14781597,31869.9,1030.6
01/10/2000,6.51,15.88,9.37,9.5314,559.5235,1796380363,16131582,16841327,32639.9,1077.6
01/11/2000,6.51,17.56,11.05,9.5004,583.1218,1820311829,14525529,15966404,32164.1,1097.2
01/12/2000,6.4,17.05,10.65,9.4659,666.8485,1817196847,13635532,15075715,33554.9,1183.7
01/01/2001,5.98,17.89,11.91,9.7766,654.982,1776421088,12853053,13799523,35816.6,1114.49
01/02/2001,5.49,17.34,11.85,9.7045,637.6737,1793737881,12566162,13130126,37301.4,1115.78
01/03/2001,5.31,15.8,10.49,9.6006,718.055,1813184631,14311048,14932923,38035.5,1130.23
01/04/2001,4.8,14.96,10.16,9.3268,734.8058,1831650212,13273001,14112743,38579.4,1105.87
01/05/2001,4.21,11.95,7.74,9.1372,798.2438,1844982118,14051740,14660233,38880.9,1085.05
01/06/2001,3.97,9.43,5.46,9.0867,747.837,1874069919,13423356,13749346,38730.4,1101.23
01/07/2001,3.77,9.39,5.62,9.1618,796.5951,1902154339,12947584,13503005,38890.1,1111.55
01/08/2001,3.65,7.51,3.86,9.1307,789.3075,1941486165,13502467,14163415,39021.1,1130.49
01/09/2001,3.07,9.32,6.25,9.4189,772.0803,1963392600,12679097,13132205,39414.6,1146.5
01/10/2001,2.49,8.36,5.87,9.345,792.8295,2005006311,14484934,15561174,40517.8,1152.79
01/11/2001,2.09,7.43,5.34,9.2236,693.8224,2027455185,12511301,14188774,40069.6,1141.84
01/12/2001,1.82,6.29,4.47,9.1561,759.0318,2051445324,12175990,13462967,40879.9,1187.08
01/01/2002,1.73,6.97,5.24,9.1616,711.043,2025027905,11579633,12159290,41709.6,1205.43
01/02/2002,1.74,7.91,6.17,9.0998,718.865,2015289239,11977242,12545422,42128.6,1232.54
01/03/2002,1.73,7.23,5.5,9.0707,744.527,2040686720,13120312,13416805,42228.7,1232.31
01/04/2002,1.75,5.76,4.01,9.1629,805.872,2018450025,14445063,15014090,41378.8,1264.81
01/05/2002,1.75,6.61,4.86,9.5192,912.205,2058004444,13911295,14444728,41594.1,1282.71
01/06/2002,1.75,7.3,5.55,9.7652,860.003,2067318859,13124146,13518791,42722.9,1295.06
01/07/2002,1.73,7.38,5.65,9.7808,843.0738,2076970785,14066592,14560945,43739.9,1312.58
01/08/2002,1.74,6.68,4.94,9.8396,849.1376,2063013368,13726998,14300544,44273.2,1309.6
01/09/2002,1.75,7.34,5.59,10.0714,860.5997,2047672467,13573619,14063594,45107.6,1352.27
01/10/2002,1.75,7.66,5.91,10.095,848.283,2055627847,14856076,15676501,45234,1317.37
01/11/2002,1.34,7.3,5.96,10.1975,741.438,2151458055,13230385,14397931,45238.5,1345.95
01/12/2002,1.24,6.88,5.64,10.2249,919.401,2176465317,13434619,14580248,47984,1436.49
01/01/2003,1.24,8.27,7.03,10.6203,1051.2547,2199341968,12613632,12622254,49440.1,1438.56
01/02/2003,1.26,9.04,7.78,10.9372,979.7597,2193188057,12867156,12581877,50315.3,1419.94
01/03/2003,1.25,9.17,7.92,10.9124,1139.1124,2165133600,13570706,13985278,51988.4,1405.25
01/04/2003,1.26,7.86,6.6,10.5917,1202.5097,2160440657,13563240,14369374,53731.5,1325.54
01/05/2003,1.26,5.25,3.99,10.2512,1350.9669,2186149137,13153418,13674733,53571.4,1362.72
01/06/2003,1.22,5.2,3.98,10.5047,1351.1707,2148802351,13527896,13847023,53397.1,1375.64
01/07/2003,1.01,4.57,3.56,10.4502,1361.362,2191210125,13740277,14424284,51755.6,1429.7
01/08/2003,1.03,4.45,3.42,10.7811,1401.2462,2178263151,13427713,13816848,51486.9,1456
01/09/2003,1.01,4.73,3.72,10.9269,1365.5085,2195512337,14375051,14730983,52117.5,1435.77
01/10/2003,1.01,5.11,4.1,11.1748,1391.0112,2196196189,15128019,15735472,53645.6,1451.6
01/11/2003,1,4.99,3.99,11.145,1203.7084,2187834956,13760615,14692799,55395.9,1505.46
01/12/2003,0.98,6.06,5.08,11.2486,1341.0761,2331594975,15038713,16064919,57434.9,1585.25
01/01/2004,1,4.95,3.95,10.9151,1081.8635,2339289329,12710912,12872078,58742.5,1602.74
01/02/2004,1.01,5.57,4.56,11.0142,1171.7737,2285732239,13864283,14075671,59151.3,1605.38
01/03/2004,1,6.28,5.28,11.0094,1480.224,2312217167,16617819,16769149,59049.3,1606.87
01/04/2004,1,5.98,4.98,11.2751,1513.5151,2306755673,14725798,15424410,58393.7,1612.52
01/05/2004,1,6.59,5.59,11.5124,1770.3978,2291715363,16154748,16061986,58787.8,1567.37
01/06/2004,1.03,6.57,5.54,11.3894,1684.7248,2336357856,16507297,17020965,59128,1622.23
01/07/2004,1.26,6.81,5.55,11.4636,1654.376,2300126954,15016997,15848001,57827.2,1621.08
01/08/2004,1.43,7.21,5.78,11.3942,1786.8078,2300666021,16927796,17600618,58247.8,1594.88
01/09/2004,1.61,7.36,5.75,11.4864,1586.8407,2340295312,15929465,16373251,57614.9,1582.35
01/10/2004,1.76,7.76,6,11.3983,1529.9477,2379130414,16913202,17523926,58137.3,1632.86
01/11/2004,1.93,8.2,6.27,11.3681,1506.1644,2432524755,17075574,19427122,60399.4,1595.34
01/12/2004,2.16,8.5,6.34,11.2041,1565.1123,2493275018,15554664,17812475,61496.3,1624.93
01/01/2005,2.28,8.6,6.32,11.2607,1367.5563,2467608912,14125238,15271701,61761.6,1618.61
01/02/2005,2.5,9.15,6.65,11.1367,1428.377,2446272629,15411666,15984672,62138.1,1649.37
01/03/2005,2.63,9.41,6.78,11.1427,1691.5896,2468978150,17357855,17515654,61738.6,1591.64
01/04/2005,2.79,9.63,6.84,11.1163,1753.3032,2476323493,17378788,18013423,60714.6,1553.9
01/05/2005,3,9.75,6.75,10.9733,2057.2773,2461296990,18280740,18269939,60536.1,1528.12
01/06/2005,3.04,9.63,6.59,10.8228,1923.2802,2510152999,18317507,18371338,61773.8,1553.47
01/07/2005,3.26,9.61,6.35,10.6781,1840.3006,2530217233,16376581,17097930,59330.6,1514.71
01/08/2005,3.5,9.6,6.1,10.6882,2059.2229,2548081745,19499370,20135931,60880.4,1531.94
01/09/2005,3.62,9.21,5.59,10.7775,1885.9905,2583841433,18307395,18637505,62836.1,1524.85
01/10/2005,3.78,8.91,5.13,10.8324,1862.2776,2646976727,19560110,20239609,65145,1534.94
01/11/2005,4,8.71,4.71,10.6685,1886.9538,2686753941,20224043,21680554,66997.8,1518.94
01/12/2005,4.16,8.22,4.06,10.6295,1932.142,2847571536,19393663,20601270,68668.9,1563.72
01/01/2006,4.29,7.88,3.59,10.547,1758.3057,2844250762,19206468,18512184,67305.3,1603.82
01/02/2006,4.49,7.61,3.12,10.4833,1823.1898,2877334284,18729262,18498720,67329.3,1598.63
01/03/2006,4.59,7.37,2.78,10.7468,2152.8362,2980422004,20916663,21108414,67487.1,1686.75
01/04/2006,4.79,7.17,2.38,11.0421,2072.7017,3048483722,19760576,19503224,70611.5,1651.98
01/05/2006,4.94,7.02,2.08,11.0923,2534.599,3033323264,22710072,22793631,75618.5,1647.82
01/06/2006,4.99,7.02,2.03,11.3913,2340.2623,3072939063,21309067,21634773,78742.7,1647.03
01/07/2006,5.24,7.03,1.79,10.9858,2191.6469,3008830705,19825802,20188733,77623.7,1651.39
01/08/2006,5.25,7.03,1.78,10.872,2334.2835,2985924210,22822775,23601996,65865.8,1646.19
01/09/2006,5.25,7.06,1.81,10.9853,2140.9586,2996147269,20491331,21971992,67302.6,1630.07
01/10/2006,5.25,7.05,1.8,10.8971,2316.5244,3001393662,23185780,24503313,68765,1602.4
01/11/2006,5.25,7.04,1.79,10.9177,1962.802,3029332577,20854240,22466444,69542.2,1649.89
01/12/2006,5.24,7.04,1.8,10.8479,1938.7249,3203214575,20113108,21274928,67679.7,1680.04
01/01/2007,5.25,7.04,1.79,10.9529,1872.9292,3157546039,18999356,20676876,67807.3,1723.42
01/02/2007,5.26,7.04,1.78,10.9998,1856.7782,3182388232,19608830,20007377,68976.1,1728.54
01/03/2007,5.26,7.04,1.78,11.1139,2186.5239,3208342307,21660852,22038495,69195.5,1728.59
01/04/2007,5.25,7.01,1.76,10.9806,2166.564,3168402699,21076640,21835960,69504.5,1690.87
01/05/2007,5.25,7.24,1.99,10.8167,2480.6564,3202547655,23813951,24535855,69509.5,1695.15
01/06/2007,5.25,7.2,1.95,10.835,2300.5755,3257091854,22765180,23591904,69939.4,1694.64
01/07/2007,5.26,7.19,1.93,10.8109,2469.4671,3244411352,22634792,23329641,71135,1694.19
01/08/2007,5.02,7.2,2.18,11.0456,2514.9439,3321093759,24493338,25554885,71060.4,1707.98
01/09/2007,4.94,7.21,2.27,11.0315,2284.105,3330380293,23141274,23779308,73224.1,1690.06
01/10/2007,4.76,7.2,2.44,10.8231,2465.5833,3364182525,26088928,27649790,75538.4,1686.85
01/11/2007,4.49,7.44,2.95,10.8866,2047.0797,3425921998,24331827,25152819,77402.5,1679
01/12/2007,4.24,7.44,3.2,10.8484,2050.7298,3559334856,23260344,23796139,77990.8,1666.81
01/01/2008,3.94,7.42,3.48,10.91,1781.6996,3559901990,22232992,23996538,79976.3,1762.64
01/02/2008,2.98,7.43,4.45,10.7665,1942.0303,3553857620,22855904,23978831,81391.6,1782.9
01/03/2008,2.61,7.43,4.82,10.7313,2206.3771,3541257666,24995231,23756589,84041.6,1761.29
01/04/2008,2.28,7.44,5.16,10.5154,2278.089,3568563980,27029673,28117897,84820.9,1728.38
01/05/2008,1.98,7.44,5.46,10.4352,2477.9622,3645158792,26001708,26014122,84635.9,1733.75
01/06/2008,2,7.56,5.56,10.3292,2366.006,3649332257,26371487,26135875,85671,1647.57
01/07/2008,2.01,7.93,5.92,10.2155,2278.9294,3665262001,27548121,28762742,78206.3,1677.71
01/08/2008,2,8.18,6.18,10.1095,2198.5254,3625451382,25833029,28110512,80687.5,1658.79
01/09/2008,1.81,8.17,6.36,10.6437,2208.0883,3652276006,25085653,28020923,83312.5,1606.75
01/10/2008,0.97,7.74,6.77,12.6314,2759.2451,3773233845,24429426,27721734,77135.6,1593.63
01/11/2008,0.39,7.43,7.04,13.114,1834.3372,3805039177,20275591,23234846,83396.1,1615.07
01/12/2008,0.16,8.02,7.86,13.4226,1853.9266,3972390752,18683780,20752642,85441,2185.18
01/01/2009,0.15,7.59,7.44,13.8921,1642.9594,3983477996,15081962,16789104,83630.9,3137.79
01/02/2009,0.22,7.12,6.9,14.5966,1890.6882,3987232481,16064787,16613305,80060.6,3166.46
01/03/2009,0.18,7.03,6.85,14.6695,2194.4479,3974376380,18518101,18554454,78856,3197.88
01/04/2009,0.15,6.05,5.9,13.4367,1867.0471,3969889246,17372169,17203626,76849.8,3087.95
01/05/2009,0.18,5.29,5.11,13.1621,1986.2721,3929565413,17238291,16788594,75653.1,3039.72
01/06/2009,0.21,4.98,4.77,13.3418,2007.8197,3970812165,19401741,19569999,74180.9,3040.58
01/07/2009,0.16,4.59,4.43,13.3654,1919.4754,3991646291,18016248,19254846,73269,3098.65
01/08/2009,0.16,4.49,4.33,13.008,1864.1988,3894463303,19565549,20234102,76364.3,3147.87
01/09/2009,0.15,4.48,4.33,13.4212,1808.0308,3913068198,20939086,21818126,76122.1,3208.83
01/10/2009,0.12,4.51,4.39,13.2257,1756.2439,3968328795,22117619,21880850,79778.5,3291.25
01/11/2009,0.12,4.51,4.39,13.1094,1563.7409,3982432847,22364014,22493453,81933.4,3296.55
01/12/2009,0.12,4.5,4.38,12.8631,1622.8016,4130781440,23023983,23184513,90837.8,3355.55
01/01/2010,0.11,4.49,4.38,12.8019,1374.0619,4081855490,19189889,19634064,92554.8,3380.29
01/02/2010,0.13,4.49,4.36,12.9424,1610.3716,4094608048,21302600,20879793,94469.9,3344.39
01/03/2010,0.16,4.45,4.29,12.5737,2018.3173,4032744722,26104127,25710897,95682.3,3372.45
01/04/2010,0.2,4.44,4.24,12.2302,1853.3743,4019684815,24844517,24764007,97401.8,3361.13
01/05/2010,0.2,4.52,4.32,12.7428,2215.0434,4093547244,24796461,24623978,98021.7,3451.61
01/06/2010,0.18,4.59,4.41,12.7193,1954.6276,4132719561,25000453,25336866,101364.6,3506.72
01/07/2010,0.18,4.6,4.42,12.8189,1937.0854,4152034064,23334155,24364456,104865.3,3585.93
01/08/2010,0.19,4.52,4.33,12.7695,2022.7421,4231955534,26917226,27615053,106862.3,3638.3
01/09/2010,0.19,4.43,4.24,12.7997,1774.9577,4193951327,25338436,25861450,108312.4,3666.51
01/10/2010,0.19,4.03,3.84,12.4374,1784.3884,4294427496,26530071,27317792,110657.8,3722.37
01/11/2010,0.19,3.97,3.78,12.3391,1678.5798,4297482581,28169737,28254429,111173.5,3674.82
01/12/2010,0.18,4.3,4.12,12.3885,1767.7899,4442009702,26945474,27119034,113596.5,3812.55
01/01/2011,0.17,4.14,3.97,12.1258,1443.6509,4431859293,24674597,24532143,118991.7,3719.68
01/02/2011,0.16,4.04,3.88,12.0703,1701.9788,4441379304,25771475,25461390,121915.5,3755.13
01/03/2011,0.14,4.27,4.13,11.9992,2117.8914,4444644901,31355125,29899150,122708.3,3751.23
01/04/2011,0.1,4.28,4.18,11.7184,1939.8625,4476820114,27808164,27200981,125793.8,3764.09
01/05/2011,0.09,4.31,4.22,11.6533,2236.9868,4470236062,31079659,30541743,128156.1,3845.86
01/06/2011,0.09,4.37,4.28,11.806,2089.4759,4527262924,30394790,30300785,129349.1,3886.78
01/07/2011,0.07,4.14,4.07,11.6726,1972.6129,4565834755,27848617,29030739,134011.4,3988.86
01/08/2011,0.1,4.05,3.95,12.2319,2216.8552,4608944109,31463992,32292579,136885.1,4104.9
01/09/2011,0.08,4.23,4.15,13.0445,2157.5537,4631368843,28774476,30644800,137962,4276.92
01/10/2011,0.07,4.36,4.29,13.435,1976.2471,4722292966,30023464,30554512,140479.9,4271.09
01/11/2011,0.08,4.35,4.27,13.6993,1850.3941,4786314214,31051747,31248710,141424.4,4310.72
01/12/2011,0.07,4.34,4.27,13.7689,1843.8366,4960125963,29187280,29135344,142475.5,4436.87
01/01/2012,0.08,4.27,4.19,13.4178,1555.5014,4963954577,27281577,27548995,148314.8,4459.58
01/02/2012,0.1,4.32,4.22,12.7831,1852.2529,4967753450,30015345,29517163,149158.9,4411.78
01/03/2012,0.13,4.24,4.11,12.7567,2164.5087,5063813574,32312046,30839530,150264.1,4417.53
01/04/2012,0.14,4.29,4.15,13.0697,2104.2749,5027747965,30900421,30481741,154308,4489.12
01/05/2012,0.16,4.39,4.23,13.6634,2429.1369,5055211379,33135477,32801858,154857.8,4630.68
01/06/2012,0.16,4.34,4.18,13.9192,2167.6113,5100292843,30272703,29657623,157337.3,4713.62
01/07/2012,0.16,4.15,3.99,13.3661,1926.9582,5104114983,30294406,30704050,160158.1,4827.28
01/08/2012,0.13,4.13,4,13.1845,1967.1665,5123551112,31660136,32641949,161319.1,4799.95
01/09/2012,0.14,4.17,4.03,12.9394,1734.3221,5091448045,29279642,29069597,161881.9,4850.03
01/10/2012,0.16,4.21,4.05,12.891,1848.5677,5187025104,33939839,35564836,162449,4810.31
01/11/2012,0.16,4.29,4.13,13.0746,1762.57,5190395258,31468922,32716357,163116.9,4881.72
01/12/2012,0.16,4.05,3.89,12.8705,1773.4016,5306754531,30209376,29207860,163515.4,5015.95
01/01/2013,0.14,4.15,4.01,12.699,1588.9104,5293968556,27298537,30152955,165509.8,5060.01
01/02/2013,0.15,4.19,4.04,12.7229,1721.9287,5297301366,29091473,29066034,165898.1,5040.94
01/03/2013,0.14,3.98,3.84,12.5247,1935.7183,5319918052,31838072,30127821,166962.3,5116.3
01/04/2013,0.15,3.82,3.67,12.205,2050.798,5285413686,32729138,34087541,168367.2,5232.18
01/05/2013,0.11,3.72,3.61,12.3115,2176.62,5326721542,32845282,33305574,167129.3,5138.49
01/06/2013,0.09,3.78,3.69,12.9596,2067.0878,5469573182,31088267,30168158,166530.3,5045.41
01/07/2013,0.09,3.85,3.76,12.7659,1945.4921,5520228165,32252174,33651211,169160.3,5068.01
01/08/2013,0.08,3.84,3.76,12.9178,2024.0101,5554395124,32677304,32902205,170708.9,5109.33
01/09/2013,0.08,3.64,3.56,13.0759,1890.4586,5534930381,31377763,30726402,172093.6,5232.64
01/10/2013,0.09,3.39,3.3,12.9992,1973.1587,5600967124,35082425,35217067,174145.6,5223.56
01/11/2013,0.08,3.39,3.31,13.0796,1796.2248,5698579403,31673409,31363977,176152.3,5316.5
01/12/2013,0.09,3.29,3.2,13.0076,1919.63,5872306248,32061207,30441223,176521.7,5318.02
01/01/2014,0.07,3.14,3.07,13.223,1706.7546,5881668900,27052385,30233531,179570.1,5446.39
01/02/2014,0.07,3.16,3.09,13.2808,1788.209,5859314860,30461527,29543472,180855,5526.88
01/03/2014,0.08,3.17,3.09,13.1951,2182.6248,5852057425,33245192,32287360,182759.4,5627.74
01/04/2014,0.09,3.23,3.14,13.0708,2056.9042,5967748671,34059950,33561872,186048.8,5596.8
01/05/2014,0.09,3.28,3.19,12.9247,2234.0545,5990793818,34373788,34251128,188265.5,5674.7
01/06/2014,0.1,3.02,2.92,12.9958,2095.8672,6060946403,33436311,33050550,190334,5854.7
01/07/2014,0.09,2.83,2.74,12.9904,2051.0516,6111404449,33687101,34690783,190319.1,5933.08
01/08/2014,0.09,2.77,2.68,13.1406,2057.7782,6123665718,33286822,34483635,191513.3,5947.19
01/09/2014,0.09,2.83,2.74,13.2352,2015.0182,6114631328,34147311,33667444,190583.2,5943.33
01/10/2014,0.09,2.9,2.81,13.4763,2097.4737,6163058349,36879601,36945105,191717.3,6067.15
01/11/2014,0.09,2.85,2.76,13.6216,1824.4766,6208067094,32192734,33407006,192718.2,6238.31
01/12/2014,0.12,2.81,2.69,14.5129,2291.6336,6356234194,34090910,33862450,193238.8,6490.74
01/01/2015,0.11,2.67,2.56,14.6926,1671.4057,6497554674,26553377,29817479,196010.5,6759.16
01/02/2015,0.11,2.81,2.7,14.9213,1893.1655,6483423543,29731307,29125930,195739.2,6754.42
01/03/2015,0.11,3.04,2.93,15.2283,2305.4392,6418897094,34177473,33666222,195150.4,6764.7
01/04/2015,0.12,2.97,2.85,15.2262,2047.7711,6476126231,32971490,33041330,195340.4,6754.08
01/05/2015,0.12,2.98,2.86,15.2645,2247.4372,6536224878,31244705,32359172,193901,6855.42
01/06/2015,0.13,2.96,2.83,15.483,2198.2765,6537726406,33761831,34590363,192509.5,6943.68
01/07/2015,0.13,2.99,2.86,15.9396,2288.9386,6548994514,32694944,35073020,190759.2,7069.42
01/08/2015,0.14,3.04,2.9,16.5368,2308.932,6551246163,31009789,33831912,185500.4,7253.36
01/09/2015,0.14,3.1,2.96,16.8578,2097.7903,6558231868,32187182,33663061,180404.3,7299.17
01/10/2015,0.12,3.02,2.9,16.564,2131.7302,6614957229,34100594,35600923,175564.7,7329.12
01/11/2015,0.12,3.02,2.9,16.6357,1944.0834,6515031607,30981322,32595256,171905.2,7302.01
01/12/2015,0.24,3.14,2.9,17.0666,2241.5383,6761044535,31142075,31889184,176735.4,7454.39
01/01/2016,0.34,3.08,2.74,18.0728,1976.3992,6804560202,24687865,27979044,175387.3,7798.81
01/02/2016,0.38,3.36,2.98,18.4731,2123.221,6771465678,28967000,29751151,176047.2,7790.88
01/03/2016,0.36,3.8,3.44,17.649,2235.7849,6816853593,31493610,31408485,177687.6,7735.02
01/04/2016,0.37,3.74,3.37,17.4877,2213.3934,6879613016,30387276,32497219,177968.8,7618.68
01/05/2016,0.37,3.81,3.44,18.1542,2532.8538,6987906902,31410821,31854210,176960.2,7812.66
01/06/2016,0.38,3.81,3.43,18.653,2366.6498,7119001193,31949905,32467942,177408.8,7957.45
01/07/2016,0.39,4.21,3.82,18.6014,2306.0699,7168971857,29773010,31599262,177388.6,8029.67
01/08/2016,0.4,4.24,3.84,18.4749,2318.9361,7116798713,32446304,34332060,176242.7,8245.23
01/09/2016,0.4,4.28,3.88,19.1924,2441.427,7231920684,32701172,34229627,175831.3,8387.18
01/10/2016,0.4,4.69,4.29,18.8924,2273.9136,7269977360,32596379,33495421,175081.1,8220.69
01/11/2016,0.41,5.15,4.74,20.1185,2444.7874,7381047628,34344613,34267067,173993.6,8380.6
01/12/2016,0.54,5.61,5.07,20.5206,2397.7077,7662999027,33195659,33206048,176541.6,8610.83
01/01/2017,0.65,5.83,5.18,21.3853,2196.0865,7603905361,27316175,30788434,174972.4,8785.78
01/02/2017,0.66,6.06,5.4,20.2905,2191.0386,7587829341,31345973,30585757,175031.2,8676.31
01/03/2017,0.79,6.32,5.53,19.301,2678.2118,7540815124,36048426,36110316,174930.5,8221.1
01/04/2017,0.9,6.5,5.6,18.7875,2449.3006,7555699223,31768954,30869680,175010.5,8242.73
01/05/2017,0.91,6.56,5.65,18.7557,2754.1658,7559946604,35342342,36546951,174944.2,8216.04
01/06/2017,1.04,6.82,5.78,18.1326,2609.611,7676700269,35547887,35548917,174245.5,8330.65
01/07/2017,1.15,6.99,5.84,17.8283,2663.0471,7739899620,32155156,33687183,173346.9,8291.16
01/08/2017,1.16,6.94,5.78,17.807,2678.7156,7698045372,35926907,38513130,173199.2,8322.29
01/09/2017,1.15,6.99,5.84,17.8357,2550.7464,7846367662,33771318,35706801,173031.2,8489.97
01/10/2017,1.15,7.03,5.88,18.8161,2873.1654,7935068634,36715630,38969493,172886.6,8630.58
01/11/2017,1.16,7.02,5.86,18.9158,2473.8381,8061705114,37507573,37082913,172482.6,8553.32
01/12/2017,1.3,7.17,5.87,19.1812,2824.9873,8394065090,35986234,35984012,172801.8,8889.16
01/01/2018,1.41,7.25,5.84,18.9074,2308.8292,8236764222,30718527,35140478,173205.2,8874.19
01/02/2018,1.42,7.4,5.98,18.6449,2292.3587,8262795220,35093793,34149860,172890.1,8892.15
01/03/2018,1.51,7.47,5.96,18.6308,2730.9501,8306747097,39484266,37734615,173231.6,8926.41
01/04/2018,1.69,7.46,5.77,18.3872,2816.4145,8399109746,37181694,37471965,173114.6,9023.5
01/05/2018,1.7,7.51,5.81,19.591,3232.3766,8467697884,39213912,40766241,173311.2,9157.48
01/06/2018,1.82,7.64,5.82,20.3032,3224.4911,8567406925,37483508,38383337,173211.4,9195.77
01/07/2018,1.91,7.73,5.82,19.0095,2930.1358,8434727584,36742212,39612118,173283.5,8899.29
01/08/2018,1.91,7.73,5.82,18.8575,2961.1494,8506482676,39545208,42129496,173606.1,9062.83
01/09/2018,1.95,7.69,5.74,19.0154,2796.1366,8508985694,37700602,38001683,173566.1,9016.61
01/10/2018,2.19,7.69,5.5,19.1859,3115.6072,8549110646,41356070,44290891,173462.2,9113.87
01/11/2018,2.2,7.83,5.63,20.2612,3005.4157,8701307648,38595389,40928716,173775.3,9115.56
01/12/2018,2.27,8.02,5.75,20.1112,3021.2516,8815667166,37597547,35692967,174792.5,9236.07
01/01/2019,2.4,7.95,5.55,19.1651,2527.5581,8702653500,32637220,37262788,175572.3,9198.33
01/02/2019,2.4,7.93,5.53,19.2049,2506.4369,8744413483,36437807,35073897,175734.1,9320.13
01/03/2019,2.41,8.02,5.61,19.2477,3038.1022,8826482786,39018828,37530886,176648.6,9385.56
01/04/2019,2.42,7.78,5.36,18.9864,3014.8781,8776012098,39586470,38076401,176742.5,9259.18
01/05/2019,2.39,8.07,5.68,19.1197,3387.2534,8902391032,41749996,40792860,177855.9,9424.77
01/06/2019,2.38,8.25,5.87,19.2745,3293.2442,8934026063,37924986,35382744,178867.6,9534.89
01/07/2019,2.4,8.14,5.74,19.0534,3371.3039,8923500139,39115793,40406335,179006.6,9534.24
01/08/2019,2.13,8.01,5.88,19.685,3487.494,9087065056,40051141,39648433,180377,9892.09
01/09/2019,2.04,7.72,5.68,19.5865,3181.9307,9045053443,37180583,37332184,180208.3,9870.63
01/10/2019,1.83,7.66,5.83,19.3242,3238.0284,8987117432,40762123,41449532,180749.2,9890.06
01/11/2019,1.55,7.47,5.92,19.3325,3006.514,9124889411,37484491,36697660,180597.3,10120.09
01/12/2019,1.55,7.12,5.57,19.1071,3197.7419,9326244070,38654441,35587869,180877.2,10191.62
01/01/2020,1.55,7.12,5.57,18.804,2676.6263,9249820181,33580843,36062000,182796.5,10313.29
01/02/2020,1.58,6.96,5.38,18.8443,2803.4988,9390817006,36433717,33715379,184249.6,10514.53
01/03/2020,0.65,6.81,6.16,22.3784,4147.1146,9750200290,38310269,34995932,185528.8,11167.64
01/04/2020,0.05,6.09,6.04,24.2658,2982.6531,10110403045,23222658,26457052,186655.4,11351.97
01/05/2020,0.05,5.47,5.42,23.423,3541.8263,10091136508,18116042,21578337,187315.6,11279.11
01/06/2020,0.08,5.06,4.98,22.299,3630.6225,10111819915,33047725,27512168,189615.2,11616.74
01/07/2020,0.09,4.82,4.73,22.4033,3629.1537,10181464959,35499490,29844448,192605.6,11657.5
01/08/2020,0.1,4.49,4.39,22.2072,3654.1707,10168640163,37001121,30845723,193334.1,11594.63
01/09/2020,0.09,4.38,4.29,21.681,3673.8419,10123059227,38539740,34142602,193956.6,11718.27
01/10/2020,0.09,4.2,4.11,21.2705,3715.2525,10121155002,41950815,35694810,194351.1,11570.69
01/11/2020,0.09,4.23,4.14,20.3819,3491.9473,10138130754,38313680,35257525,194286.7,11421.56
01/12/2020,0.09,4.27,4.18,19.9651,3757.2255,10375726388,43154635,36879948,195667.2,11583.31
01/01/2021,0.09,4.22,4.13,19.9215,3392.8085,10434950530,32716091,33910702,195946.1,11883
01/02/2021,0.08,4.12,4.04,20.3097,3264.1015,10406909432,36213207,33486199,195269.5,11924.69
01/03/2021,0.07,4.05,3.98,20.7555,4275.0937,10516385860,43029980,45974454,194774.2,11732.53
01/04/2021,0.07,4.07,4,20.0153,4167.7596,10517260240,40944531,39259650,195267.6,11689.62
01/05/2021,0.06,4.06,4,19.9631,4677.3251,10535614830,40845600,40458684,194097.1,11769.96
01/06/2021,0.08,4.02,3.94,20.0301,4605.3268,10609004519,42619373,41909429,192881.9,11670.57
01/07/2021,0.1,4.32,4.22,19.9701,4616.2582,10687510701,40952956,44950628,193423.8,11769.22
01/08/2021,0.09,4.46,4.37,20.0761,4776.7196,10743638441,40471381,44215640,205512.5,11767.9
01/09/2021,0.08,4.55,4.47,20.0487,4436.0128,10767354068,41754363,44078456,198414.4,11828.15
01/10/2021,0.08,4.84,4.76,20.4626,4854.0866,10880791942,41858778,44658126,198850.4,11940.98
01/11/2021,0.08,5.05,4.97,20.9004,4689.3135,11142674015,45676554,45698670,199501.9,12246.5
01/12/2021,0.08,5.29,5.21,20.8918,4767.7923,11409793358,47866200,47102458,202399.2,12169.1
01/01/2022,0.08,5.53,5.45,20.4978,3935.0868,11226064092,33923041,40185365,201637.7,12263.05
01/02/2022,0.08,5.87,5.79,20.4495,3928.4852,11367809830,46288481,44953077,201676.4,12319.31
01/03/2022,0.2,6.31,6.11,20.5562,4712.0937,11373346108,51948842,51801683,200806.5,12115.51
01/04/2022,0.33,6.56,6.23,20.1088,4749.1098,11505044675,47580499,49363532,199174.6,11978.16
01/05/2022,0.77,6.91,6.14,20.0305,5173.7153,11547441760,49964741,52220452,199503.9,12031.26
01/06/2022,1.21,7.31,6.1,20.0237,5150.2223,11641724836,51220139,55191302,198537,12034.77
01/07/2022,1.68,7.76,6.08,20.5467,5342.837,11798166561,46216526,52463962,199479.8,12239.31
01/08/2022,2.33,8.25,5.92,20.1209,5160.1441,11788024400,50464229,56168196,198529.3,12128.26
01/09/2022,2.56,8.7,6.14,20.075,5078.5862,11886203984,52323438,53520102,196917.5,12021.73
01/10/2022,3.08,8.93,5.85,19.9845,5404.6702,12011680592,49199055,51861889,196847.1,12022.27
01/11/2022,3.78,9.42,5.64,19.4449,4853.746,12171309335,49249147,49699319,198240.5,12249.88
01/12/2022,4.1,9.96,5.86,19.593,5379.1316,12515612425,49319342,48376487,199094.2,12620.48
01/01/2023,4.33,10.61,6.28,18.9863,4434.7719,12354753948,42609734,46739068,200997.9,12661
01/02/2023,4.57,10.92,6.35,18.5986,4346.1517,12344729453,44891180,46877022,200178.3,12509.34
01/03/2023,4.65,11.23,6.58,18.3749,5189.392,12427587660,53564189,52403727,202337.6,12571.5
01/04/2023,4.83,11.29,6.46,18.0855,5006.8015,12492380715,46086560,47732749,203104.1,12508.97
01/05/2023,5.06,11.32,6.26,17.7373,5675.8614,12552103031,52835329,53029653,202663.7,12587.09
01/06/2023,5.08,11.16,6.08,17.2412,5584.4913,12748965991,51820219,52006715,203209.3,12593.46
01/07/2023,5.12,11.22,6.1,16.9049,5668.486,12831420852,47786853,48627636,204071.4,12682.21
01/08/2023,5.33,11.16,5.83,16.9766,5568.2516,12878461469,52458590,54575454,204238.5,12629.67
01/09/2023,5.33,11.08,5.75,17.3077,5616.5469,12986798582,49642255,52303579,203767.6,12746.25
01/10/2023,5.33,11.08,5.75,18.0823,5817.8255,13170781058,51856871,53663090,204403.2,12912.09
01/11/2023,5.33,10.89,5.56,17.3767,4913.0678,13407036974,50171872,50942410,206839.2,13168.75
01/12/2023,5.33,11.21,5.88,17.186,5497.0246,13656138124,49277811,46378863,212761.9,13321.51
01/01/2024,5.33,11.29,5.96,17.0873,4573.2226,13666992285,42135801,47219837,213315.9,13605.45
01/02/2024,5.33,11.05,5.72,17.0898,4494.8384,13884032685,50794819,52224739,213722.1,13989.93
01/03/2024,5.33,11.02,5.69,16.7918,5014.5816,13929171630,50645665,49111325,217193.8,13812.71
01/04/2024,5.33,10.97,5.64,16.8104,5418.8526,13968494514,51522649,55943361,217189.8,13645.34
01/05/2024,5.33,10.99,5.66,16.7936,5618.1155,14127074877,55754041,54863065,218726.3,13926.31
01/06/2024,5.33,10.97,5.64,18.2174,6206.8793,14292507104,48824268,51230591,219996.9,14208.74
01/07/2024,5.33,10.92,5.59,18.1117,5592.7573,14404271328,54550711,55771222,222348.3,14517.16
01/08/2024,5.33,10.76,5.43,19.1515,6082.1121,14542159654,51902528,57747196,224777.9,14828.91
01/09/2024,5.13,10.44,5.31,19.6316,5358.4246,14631779107,49629743,51120789,226724.3,15192.9
01/10/2024,4.83,10.24,5.41,19.7062,5730.4832,14796447104,57897710,58109034,226096.1,15082.19
01/11/2024,4.64,10.05,5.41,20.3455,5433.158,15105897474,52264794,52971031,228392.2,15192.41
01/12/2024,4.48,9.85,5.37,20.2661,5222.9563,15570861077,51754359,49905838,228989.6,15517.2
01/01/2025,4.33,9.86,5.53,20.549,4660.9218,15328579247,44398267,49611476,230764.1,15628.51
01/02/2025,4.33,9.45,5.12,20.4571,4450.9963,15423705344,49098535,47444307,234346.8,16561.31
01/03/2025,4.33,9.1,4.77,20.2417,5141.8122,15504509495,55404972,52115201,237299.2,16365.86
01/04/2025,4.33,8.81,4.48,20.0564,4753.0907,15553767886,54347764,54392226,239718.4,16401.83
01/05/2025,4.33,8.31,3.98,19.4355,5352.7329,15775373870,55476735,54244911,239981.6,16533.46
01/06/2025,4.33,8.09,3.76,19.03,5199.182,15739675154,54001827,53487398,241715.6,16546.47
01/07/2025,4.33,7.67,3.34,18.6909,5346.6905,15837340999,56707774,56724468,242053.2,16840.23
01/08/2025,4.33,7.39,3.06,18.7063,5587.213,15864951333,55718184,57662068,244399,17100.44
01/09/2025,4.22,7.29,3.07,18.499,5216.8312,15996289268,56487938,58887475,247288.8,17338.43
01/10/2025,4.09,7.25,3.16,18.4296,5636.3865,16071349867,66132551,65526483,248852,17525.52
01/11/2025,3.88,7.19,3.31,18.4185,5121.8767,16230716080,56411894,55749102,250205.9,17800.57
01/12/2025,3.72,7.16,3.44,18.0739,5308.7864,16633570478,60650727,58221107,251874.9,17620.76
01/01/2026,3.64,7,3.36,17.6449,4594.1301,16390647722,48007823,54488877,255605.2,17880.48
01/02/2026,3.64,6.86,3.22,17.2228,4468.218,16387423022,56851119,57313897,257815.2,18140.2
